year,PM10,PM2.5
2016,43.72650771,21.89679715
2017,45.72987528,21.13393904
2018,44.44284097,22.0462075
2019,47.35435435,24.68377555
